{
  "split": "test",
  "model_checkpoint": "/ptm-mamba/classifier_runs/all_ptms_model/cnn_gru/20260327_225704/model_best.pt",
  "overall": {
    "accuracy": 0.7595449523263903,
    "precision": 0.6375051888750519,
    "recall": 0.7205019939010087,
    "f1": 0.6764673494108577,
    "mcc": 0.4885823292550718,
    "auroc": 0.8294308530032459,
    "aupr": 0.7187081920158498
  },
  "per_ptm": {
    "acet_k": {
      "accuracy": 0.7271091923007735,
      "precision": 0.7081098138213947,
      "recall": 0.7912552891396333,
      "f1": 0.7473771856786011,
      "mcc": 0.45596225453839745,
      "auroc": 0.8039642454419775,
      "aupr": 0.7865935238945683,
      "n": 5559.0
    },
    "met_r": {
      "accuracy": 0.7938862665767589,
      "precision": 0.5334796926454446,
      "recall": 0.49693251533742333,
      "f1": 0.5145579671784013,
      "mcc": 0.38432459543785297,
      "auroc": 0.7701196710812759,
      "aupr": 0.5411403387482949,
      "n": 4449.0
    },
    "phos_y": {
      "accuracy": 0.8200894392844857,
      "precision": 0.48760330578512395,
      "recall": 0.461839530332681,
      "f1": 0.47437185929648246,
      "mcc": 0.3661357259365454,
      "auroc": 0.8028539085037358,
      "aupr": 0.4962676267345418,
      "n": 5814.0
    },
    "sumo_k": {
      "accuracy": 0.7218804410911202,
      "precision": 0.6410200523103748,
      "recall": 0.7970189701897019,
      "f1": 0.7105581058226624,
      "mcc": 0.458798478727688,
      "auroc": 0.8121963050087353,
      "aupr": 0.7514845155545049,
      "n": 8615.0
    }
  },
  "macro": {
    "macro_mcc": 0.41630526366012094,
    "macro_f1": 0.6117162794940368,
    "macro_aupr": 0.6438715012329774,
    "macro_auroc": 0.7972835325089311
  },
  "ptm_types": [
    "acet_k",
    "met_r",
    "phos_y",
    "sumo_k"
  ]
}