{
  "split": "test",
  "model_checkpoint": "/ptm-mamba/classifier_runs/all_ptms_model/cnn_gru/20260328_022741/model_best.pt",
  "overall": {
    "accuracy": 0.7309817080656382,
    "precision": 0.6028234302570585,
    "recall": 0.6711236218625382,
    "f1": 0.6351426351426351,
    "mcc": 0.4245853631040111,
    "auroc": 0.7853449724366243,
    "aupr": 0.6460290048669186
  },
  "per_ptm": {
    "acet_k": {
      "accuracy": 0.6747616477783774,
      "precision": 0.6645326504481434,
      "recall": 0.7320169252468265,
      "f1": 0.6966442953020134,
      "mcc": 0.34977255186294615,
      "auroc": 0.7307862242289601,
      "aupr": 0.7251731422605977,
      "n": 5559.0
    },
    "met_r": {
      "accuracy": 0.7914138008541245,
      "precision": 0.5318066157760815,
      "recall": 0.4274028629856851,
      "f1": 0.47392290249433106,
      "mcc": 0.34896987192503104,
      "auroc": 0.7388541871033081,
      "aupr": 0.5046686240745096,
      "n": 4449.0
    },
    "phos_y": {
      "accuracy": 0.8022015823873409,
      "precision": 0.4389312977099237,
      "recall": 0.4500978473581213,
      "f1": 0.4444444444444445,
      "mcc": 0.32418732625738134,
      "auroc": 0.7786237213686216,
      "aupr": 0.43517559680041784,
      "n": 5814.0
    },
    "sumo_k": {
      "accuracy": 0.6879860708067325,
      "precision": 0.6104984561093957,
      "recall": 0.7501355013550135,
      "f1": 0.6731517509727627,
      "mcc": 0.3880494205351283,
      "auroc": 0.7534461640047871,
      "aupr": 0.6792620366775723,
      "n": 8615.0
    }
  },
  "macro": {
    "macro_mcc": 0.3527447926451217,
    "macro_f1": 0.5720408483033879,
    "macro_aupr": 0.5860698499532744,
    "macro_auroc": 0.7504275741764193
  },
  "ptm_types": [
    "acet_k",
    "met_r",
    "phos_y",
    "sumo_k"
  ]
}