{
  "split": "test",
  "model_checkpoint": "/ptm-mamba/classifier_runs/all_ptms_model/cnn_gru/20260327_215041/model_best.pt",
  "overall": {
    "accuracy": 0.7344191185497402,
    "precision": 0.5957847196085811,
    "recall": 0.7426694815857378,
    "f1": 0.6611673801816853,
    "mcc": 0.4544335054219353,
    "auroc": 0.8090184990273939,
    "aupr": 0.6814054739569482
  },
  "per_ptm": {
    "acet_k": {
      "accuracy": 0.6913113869400972,
      "precision": 0.655210643015521,
      "recall": 0.8335684062059239,
      "f1": 0.7337057728119182,
      "mcc": 0.39457807929115846,
      "auroc": 0.7642227936602323,
      "aupr": 0.7419148173760746,
      "n": 5559.0
    },
    "met_r": {
      "accuracy": 0.7754551584625758,
      "precision": 0.4899904671115348,
      "recall": 0.5255623721881391,
      "f1": 0.5071534287123829,
      "mcc": 0.3623633851652588,
      "auroc": 0.7597436015268786,
      "aupr": 0.5211891622754355,
      "n": 4449.0
    },
    "phos_y": {
      "accuracy": 0.8090815273477813,
      "precision": 0.4588785046728972,
      "recall": 0.48043052837573386,
      "f1": 0.4694072657743786,
      "mcc": 0.3532192141146318,
      "auroc": 0.7872669387008353,
      "aupr": 0.4535829923823229,
      "n": 5814.0
    },
    "sumo_k": {
      "accuracy": 0.6906558328496808,
      "precision": 0.6045704958171801,
      "recall": 0.8029810298102981,
      "f1": 0.6897916424164823,
      "mcc": 0.40915144987645286,
      "auroc": 0.7821878585283315,
      "aupr": 0.7119159705503232,
      "n": 8615.0
    }
  },
  "macro": {
    "macro_mcc": 0.37982803211187544,
    "macro_f1": 0.6000145274287905,
    "macro_aupr": 0.607150735646039,
    "macro_auroc": 0.7733552981040694
  },
  "ptm_types": [
    "acet_k",
    "met_r",
    "phos_y",
    "sumo_k"
  ]
}