{
  "split": "test",
  "model_checkpoint": "/ptm-mamba/classifier_runs/all_ptms_model/cnn_gru/20260327_204221/model_best.pt",
  "overall": {
    "accuracy": 0.7664606948479764,
    "precision": 0.660370918193196,
    "recall": 0.6807412620220502,
    "f1": 0.6704013860814324,
    "mcc": 0.4897655769436345,
    "auroc": 0.8288421558442174,
    "aupr": 0.7162570660374582
  },
  "per_ptm": {
    "acet_k": {
      "accuracy": 0.7328656233135457,
      "precision": 0.7218390804597701,
      "recall": 0.7750352609308886,
      "f1": 0.7474919231423227,
      "mcc": 0.46601629636045877,
      "auroc": 0.8040601997195699,
      "aupr": 0.7882761273605491,
      "n": 5559.0
    },
    "met_r": {
      "accuracy": 0.803776129467296,
      "precision": 0.5660377358490566,
      "recall": 0.4601226993865031,
      "f1": 0.5076142131979696,
      "mcc": 0.38994953428161166,
      "auroc": 0.7747301774150881,
      "aupr": 0.5471793299683412,
      "n": 4449.0
    },
    "phos_y": {
      "accuracy": 0.8285173718610251,
      "precision": 0.5161707632600259,
      "recall": 0.3904109589041096,
      "f1": 0.4445682451253482,
      "mcc": 0.350184589681589,
      "auroc": 0.8050089189745466,
      "aupr": 0.4948332763317769,
      "n": 5814.0
    },
    "sumo_k": {
      "accuracy": 0.7269878119558909,
      "precision": 0.6602011494252874,
      "recall": 0.7471544715447155,
      "f1": 0.7009916094584288,
      "mcc": 0.4545033142955701,
      "auroc": 0.8054497131773348,
      "aupr": 0.7398414688917819,
      "n": 8615.0
    }
  },
  "macro": {
    "macro_mcc": 0.4151634336548074,
    "macro_f1": 0.6001664977310174,
    "macro_aupr": 0.6425325506381123,
    "macro_auroc": 0.7973122523216348
  },
  "ptm_types": [
    "acet_k",
    "met_r",
    "phos_y",
    "sumo_k"
  ]
}