{
  "split": "test",
  "model_checkpoint": "/home/hc3725/ptm-mamba/classifier_runs/all_ptms_model/cnn_gru/20260325_214941/model_best.pt",
  "overall": {
    "accuracy": 0.7103981667144085,
    "precision": 0.5674895202608291,
    "recall": 0.7145202908749707,
    "f1": 0.6325735943097451,
    "mcc": 0.40594808852107606,
    "auroc": 0.7835002599862273,
    "aupr": 0.6394876754160939
  },
  "per_ptm": {
    "acet_k": {
      "accuracy": 0.6519158121964382,
      "precision": 0.6281650071123756,
      "recall": 0.7785613540197461,
      "f1": 0.6953235710911667,
      "mcc": 0.3095485561280675,
      "auroc": 0.7191325707407048,
      "aupr": 0.712911836654337,
      "n": 5559.0
    },
    "met_r": {
      "accuracy": 0.7718588446841987,
      "precision": 0.4811031664964249,
      "recall": 0.4815950920245399,
      "f1": 0.4813490035769034,
      "mcc": 0.335116593088457,
      "auroc": 0.7505963817055015,
      "aupr": 0.5008074897391522,
      "n": 4449.0
    },
    "phos_y": {
      "accuracy": 0.8156174750601995,
      "precision": 0.4720357941834452,
      "recall": 0.41291585127201563,
      "f1": 0.4405010438413361,
      "mcc": 0.3317725368908949,
      "auroc": 0.7909068114175941,
      "aupr": 0.45345851224667516,
      "n": 5814.0
    },
    "sumo_k": {
      "accuracy": 0.6453859547301218,
      "precision": 0.5593790910791098,
      "recall": 0.8105691056910569,
      "f1": 0.6619453358415402,
      "mcc": 0.3387749401493047,
      "auroc": 0.735007909977577,
      "aupr": 0.653521669594221,
      "n": 8615.0
    }
  },
  "macro": {
    "macro_mcc": 0.328803156564181,
    "macro_f1": 0.5697797385877367,
    "macro_aupr": 0.5801748770585964,
    "macro_auroc": 0.7489109184603444
  },
  "ptm_types": [
    "acet_k",
    "met_r",
    "phos_y",
    "sumo_k"
  ]
}