{
  "split": "test",
  "model_checkpoint": "/ptm-mamba/classifier_runs/all_ptms_model/cnn_gru/20260327_193520/model_best.pt",
  "overall": {
    "accuracy": 0.7290174735032942,
    "precision": 0.5955247842665061,
    "recall": 0.6961060286183439,
    "f1": 0.6418991996539044,
    "mcc": 0.429417133565439,
    "auroc": 0.7909663185848481,
    "aupr": 0.651691710200983
  },
  "per_ptm": {
    "acet_k": {
      "accuracy": 0.6738622054326318,
      "precision": 0.6464357286000573,
      "recall": 0.7961918194640338,
      "f1": 0.7135408437351872,
      "mcc": 0.3544545863586172,
      "auroc": 0.739319874526509,
      "aupr": 0.7305614421414625,
      "n": 5559.0
    },
    "met_r": {
      "accuracy": 0.7783771634075073,
      "precision": 0.4953810623556582,
      "recall": 0.4386503067484663,
      "f1": 0.46529284164859,
      "mcc": 0.32712345794143444,
      "auroc": 0.7436340782139361,
      "aupr": 0.4561623257444304,
      "n": 4449.0
    },
    "phos_y": {
      "accuracy": 0.8169934640522876,
      "precision": 0.47475961538461536,
      "recall": 0.38649706457925637,
      "f1": 0.4261057173678533,
      "mcc": 0.32098799320736177,
      "auroc": 0.771110485839086,
      "aupr": 0.4361049832645261,
      "n": 5814.0
    },
    "sumo_k": {
      "accuracy": 0.6797446314567615,
      "precision": 0.5974869109947644,
      "recall": 0.7731707317073171,
      "f1": 0.6740696987595983,
      "mcc": 0.3812137550485756,
      "auroc": 0.7588697673778768,
      "aupr": 0.6820665752347989,
      "n": 8615.0
    }
  },
  "macro": {
    "macro_mcc": 0.34594494813899723,
    "macro_f1": 0.5697522753778073,
    "macro_aupr": 0.5762238315963044,
    "macro_auroc": 0.753233551489352
  },
  "ptm_types": [
    "acet_k",
    "met_r",
    "phos_y",
    "sumo_k"
  ]
}