{
  "split": "test",
  "model_checkpoint": "/home/hc3725/ptm-mamba/classifier_runs/all_ptms_model/cnn_gru/20260325_225221/model_best.pt",
  "overall": {
    "accuracy": 0.732168433113721,
    "precision": 0.6070232306861156,
    "recall": 0.6589256392212057,
    "f1": 0.6319104662279962,
    "mcc": 0.4228458457938977,
    "auroc": 0.7891627797734209,
    "aupr": 0.6509150865233152
  },
  "per_ptm": {
    "acet_k": {
      "accuracy": 0.6776398632847634,
      "precision": 0.6655041217501585,
      "recall": 0.7401269393511989,
      "f1": 0.7008347245409016,
      "mcc": 0.3558586512277299,
      "auroc": 0.7312268887453532,
      "aupr": 0.7241492195814787,
      "n": 5559.0
    },
    "met_r": {
      "accuracy": 0.8017532029669588,
      "precision": 0.5747663551401869,
      "recall": 0.3773006134969325,
      "f1": 0.45555555555555555,
      "mcc": 0.35196440310616844,
      "auroc": 0.7541194377721572,
      "aupr": 0.4826039467197756,
      "n": 4449.0
    },
    "phos_y": {
      "accuracy": 0.8197454420364637,
      "precision": 0.4836683417085427,
      "recall": 0.3767123287671233,
      "f1": 0.4235423542354236,
      "mcc": 0.32216025926120095,
      "auroc": 0.775209069094283,
      "aupr": 0.4433288114337931,
      "n": 5814.0
    },
    "sumo_k": {
      "accuracy": 0.6723157283807313,
      "precision": 0.59296590177997,
      "recall": 0.7493224932249323,
      "f1": 0.6620375912845684,
      "mcc": 0.3614157234687461,
      "auroc": 0.7515764103833931,
      "aupr": 0.6758873058122736,
      "n": 8615.0
    }
  },
  "macro": {
    "macro_mcc": 0.34784975926596134,
    "macro_f1": 0.5604925564041123,
    "macro_aupr": 0.5814923208868302,
    "macro_auroc": 0.7530329514987966
  },
  "ptm_types": [
    "acet_k",
    "met_r",
    "phos_y",
    "sumo_k"
  ]
}